Geography,Household Income,ALL: 30% or less,ALL: 30.1-50%,ALL: More than 50%,RENTERS: 30% or less,RENTERS: 30.1-50%,RENTERS: More than 50%,HOMEOWNERS: 30% or less,HOMEOWNERS: 30.1-50%,HOMEOWNERS: More than 50%,Datasource,Report Name,URL
Alachua,30% AMI or less,2456,2016,14731,1196,1024,12409,1260,992,2322,Florida Housing Data Clearinghouse,Population & Household Projections,http://flhousingdata.shimberg.ufl.edu/population-and-household-projections/results?nid=1
Alachua,30.01-50% AMI,5045,5861,4922,1716,4085,3613,3329,1776,1309,Florida Housing Data Clearinghouse,Population & Household Projections,http://flhousingdata.shimberg.ufl.edu/population-and-household-projections/results?nid=1
Alachua,50.01-80% AMI,12144,6372,1301,5454,4680,670,6690,1692,631,Florida Housing Data Clearinghouse,Population & Household Projections,http://flhousingdata.shimberg.ufl.edu/population-and-household-projections/results?nid=1
Alachua,80.01-100% AMI,9111,2071,224,3934,1251,111,5177,820,113,Florida Housing Data Clearinghouse,Population & Household Projections,http://flhousingdata.shimberg.ufl.edu/population-and-household-projections/results?nid=1
Alachua,Greater than 100% AMI,43516,1526,308,9688,316,149,33828,1210,159,Florida Housing Data Clearinghouse,Population & Household Projections,http://flhousingdata.shimberg.ufl.edu/population-and-household-projections/results?nid=1
Baker,30% AMI or less,173,114,342,35,59,148,138,55,194,Florida Housing Data Clearinghouse,Population & Household Projections,http://flhousingdata.shimberg.ufl.edu/population-and-household-projections/results?nid=1
Baker,30.01-50% AMI,439,331,238,117,176,16,322,155,222,Florida Housing Data Clearinghouse,Population & Household Projections,http://flhousingdata.shimberg.ufl.edu/population-and-household-projections/results?nid=1
Baker,50.01-80% AMI,1370,253,26,324,53,,1046,200,26,Florida Housing Data Clearinghouse,Population & Household Projections,http://flhousingdata.shimberg.ufl.edu/population-and-household-projections/results?nid=1
Baker,80.01-100% AMI,970,63,,226,,,744,63,,Florida Housing Data Clearinghouse,Population & Household Projections,http://flhousingdata.shimberg.ufl.edu/population-and-household-projections/results?nid=1
Baker,Greater than 100% AMI,4605,21,31,590,,,4015,21,31,Florida Housing Data Clearinghouse,Population & Household Projections,http://flhousingdata.shimberg.ufl.edu/population-and-household-projections/results?nid=1
Bay,30% AMI or less,1350,1250,4962,488,210,2918,862,1040,2044,Florida Housing Data Clearinghouse,Population & Household Projections,http://flhousingdata.shimberg.ufl.edu/population-and-household-projections/results?nid=1
Bay,30.01-50% AMI,2589,2488,2798,464,1617,1590,2125,871,1208,Florida Housing Data Clearinghouse,Population & Household Projections,http://flhousingdata.shimberg.ufl.edu/population-and-household-projections/results?nid=1
Bay,50.01-80% AMI,6901,4720,1251,1806,2803,694,5095,1917,557,Florida Housing Data Clearinghouse,Population & Household Projections,http://flhousingdata.shimberg.ufl.edu/population-and-household-projections/results?nid=1
Bay,80.01-100% AMI,7095,2391,336,2322,871,29,4773,1520,307,Florida Housing Data Clearinghouse,Population & Household Projections,http://flhousingdata.shimberg.ufl.edu/population-and-household-projections/results?nid=1
Bay,Greater than 100% AMI,33947,2385,254,7090,709,94,26857,1676,160,Florida Housing Data Clearinghouse,Population & Household Projections,http://flhousingdata.shimberg.ufl.edu/population-and-household-projections/results?nid=1
Bradford,30% AMI or less,273,323,694,98,175,341,175,148,353,Florida Housing Data Clearinghouse,Population & Household Projections,http://flhousingdata.shimberg.ufl.edu/population-and-household-projections/results?nid=1
Bradford,30.01-50% AMI,344,115,382,89,68,226,255,47,156,Florida Housing Data Clearinghouse,Population & Household Projections,http://flhousingdata.shimberg.ufl.edu/population-and-household-projections/results?nid=1
Bradford,50.01-80% AMI,752,429,164,259,251,2,493,178,162,Florida Housing Data Clearinghouse,Population & Household Projections,http://flhousingdata.shimberg.ufl.edu/population-and-household-projections/results?nid=1
Bradford,80.01-100% AMI,901,119,21,295,15,18,606,104,3,Florida Housing Data Clearinghouse,Population & Household Projections,http://flhousingdata.shimberg.ufl.edu/population-and-household-projections/results?nid=1
Bradford,Greater than 100% AMI,4153,170,61,900,26,,3253,144,61,Florida Housing Data Clearinghouse,Population & Household Projections,http://flhousingdata.shimberg.ufl.edu/population-and-household-projections/results?nid=1
Brevard,30% AMI or less,4526,4172,16215,1352,1142,7256,3174,3030,8959,Florida Housing Data Clearinghouse,Population & Household Projections,http://flhousingdata.shimberg.ufl.edu/population-and-household-projections/results?nid=1
Brevard,30.01-50% AMI,10916,8585,10647,1826,4130,4673,9090,4455,5974,Florida Housing Data Clearinghouse,Population & Household Projections,http://flhousingdata.shimberg.ufl.edu/population-and-household-projections/results?nid=1
Brevard,50.01-80% AMI,26772,13049,4620,4920,6138,1075,21852,6911,3545,Florida Housing Data Clearinghouse,Population & Household Projections,http://flhousingdata.shimberg.ufl.edu/population-and-household-projections/results?nid=1
Brevard,80.01-100% AMI,24307,5460,1052,5194,2061,232,19113,3399,820,Florida Housing Data Clearinghouse,Population & Household Projections,http://flhousingdata.shimberg.ufl.edu/population-and-household-projections/results?nid=1
Brevard,Greater than 100% AMI,118223,5712,916,17623,960,104,100600,4752,812,Florida Housing Data Clearinghouse,Population & Household Projections,http://flhousingdata.shimberg.ufl.edu/population-and-household-projections/results?nid=1
Broward,30% AMI or less,11006,11660,81648,5116,3018,44946,5890,8642,36702,Florida Housing Data Clearinghouse,Population & Household Projections,http://flhousingdata.shimberg.ufl.edu/population-and-household-projections/results?nid=1
Broward,30.01-50% AMI,22097,33278,45835,3005,17714,28535,19092,15564,17300,Florida Housing Data Clearinghouse,Population & Household Projections,http://flhousingdata.shimberg.ufl.edu/population-and-household-projections/results?nid=1
Broward,50.01-80% AMI,66045,65193,21485,20394,39375,10168,45651,25818,11317,Florida Housing Data Clearinghouse,Population & Household Projections,http://flhousingdata.shimberg.ufl.edu/population-and-household-projections/results?nid=1
Broward,80.01-100% AMI,52620,23008,4027,19362,10924,835,33258,12084,3192,Florida Housing Data Clearinghouse,Population & Household Projections,http://flhousingdata.shimberg.ufl.edu/population-and-household-projections/results?nid=1
Broward,Greater than 100% AMI,288247,28554,3773,68864,7982,487,219383,20572,3286,Florida Housing Data Clearinghouse,Population & Household Projections,http://flhousingdata.shimberg.ufl.edu/population-and-household-projections/results?nid=1
Calhoun,30% AMI or less,171,140,239,100,106,91,71,34,148,Florida Housing Data Clearinghouse,Population & Household Projections,http://flhousingdata.shimberg.ufl.edu/population-and-household-projections/results?nid=1
Calhoun,30.01-50% AMI,505,107,69,29,39,11,476,68,58,Florida Housing Data Clearinghouse,Population & Household Projections,http://flhousingdata.shimberg.ufl.edu/population-and-household-projections/results?nid=1
Calhoun,50.01-80% AMI,731,97,23,327,46,3,404,51,20,Florida Housing Data Clearinghouse,Population & Household Projections,http://flhousingdata.shimberg.ufl.edu/population-and-household-projections/results?nid=1
Calhoun,80.01-100% AMI,372,106,4,71,,,301,106,4,Florida Housing Data Clearinghouse,Population & Household Projections,http://flhousingdata.shimberg.ufl.edu/population-and-household-projections/results?nid=1
Calhoun,Greater than 100% AMI,1819,38,33,149,5,,1670,33,33,Florida Housing Data Clearinghouse,Population & Household Projections,http://flhousingdata.shimberg.ufl.edu/population-and-household-projections/results?nid=1
Charlotte,30% AMI or less,964,1194,5022,446,237,1892,518,957,3130,Florida Housing Data Clearinghouse,Population & Household Projections,http://flhousingdata.shimberg.ufl.edu/population-and-household-projections/results?nid=1
Charlotte,30.01-50% AMI,4054,2954,3625,511,1026,1877,3543,1928,1748,Florida Housing Data Clearinghouse,Population & Household Projections,http://flhousingdata.shimberg.ufl.edu/population-and-household-projections/results?nid=1
Charlotte,50.01-80% AMI,10400,5002,1577,1212,1895,502,9188,3107,1075,Florida Housing Data Clearinghouse,Population & Household Projections,http://flhousingdata.shimberg.ufl.edu/population-and-household-projections/results?nid=1
Charlotte,80.01-100% AMI,7902,1717,499,810,441,118,7092,1276,381,Florida Housing Data Clearinghouse,Population & Household Projections,http://flhousingdata.shimberg.ufl.edu/population-and-household-projections/results?nid=1
Charlotte,Greater than 100% AMI,39592,1996,300,4106,204,118,35486,1792,182,Florida Housing Data Clearinghouse,Population & Household Projections,http://flhousingdata.shimberg.ufl.edu/population-and-household-projections/results?nid=1
Citrus,30% AMI or less,1584,1089,4265,274,175,1820,1310,914,2445,Florida Housing Data Clearinghouse,Population & Household Projections,http://flhousingdata.shimberg.ufl.edu/population-and-household-projections/results?nid=1
Citrus,30.01-50% AMI,4711,2471,1841,353,952,632,4358,1519,1209,Florida Housing Data Clearinghouse,Population & Household Projections,http://flhousingdata.shimberg.ufl.edu/population-and-household-projections/results?nid=1
Citrus,50.01-80% AMI,10046,3004,776,1098,889,76,8948,2115,700,Florida Housing Data Clearinghouse,Population & Household Projections,http://flhousingdata.shimberg.ufl.edu/population-and-household-projections/results?nid=1
Citrus,80.01-100% AMI,6414,928,174,1062,232,15,5352,696,159,Florida Housing Data Clearinghouse,Population & Household Projections,http://flhousingdata.shimberg.ufl.edu/population-and-household-projections/results?nid=1
Citrus,Greater than 100% AMI,30853,985,203,2454,112,,28399,873,203,Florida Housing Data Clearinghouse,Population & Household Projections,http://flhousingdata.shimberg.ufl.edu/population-and-household-projections/results?nid=1
Clay,30% AMI or less,1458,882,3781,532,299,1798,926,583,1983,Florida Housing Data Clearinghouse,Population & Household Projections,http://flhousingdata.shimberg.ufl.edu/population-and-household-projections/results?nid=1
Clay,30.01-50% AMI,3218,2760,3228,391,1292,1867,2827,1468,1361,Florida Housing Data Clearinghouse,Population & Household Projections,http://flhousingdata.shimberg.ufl.edu/population-and-household-projections/results?nid=1
Clay,50.01-80% AMI,7929,4398,731,1791,2124,232,6138,2274,499,Florida Housing Data Clearinghouse,Population & Household Projections,http://flhousingdata.shimberg.ufl.edu/population-and-household-projections/results?nid=1
Clay,80.01-100% AMI,9628,1432,119,2752,427,,6876,1005,119,Florida Housing Data Clearinghouse,Population & Household Projections,http://flhousingdata.shimberg.ufl.edu/population-and-household-projections/results?nid=1
Clay,Greater than 100% AMI,39938,1155,42,5454,99,26,34484,1056,16,Florida Housing Data Clearinghouse,Population & Household Projections,http://flhousingdata.shimberg.ufl.edu/population-and-household-projections/results?nid=1
Collier,30% AMI or less,2312,2225,12448,1038,692,6244,1274,1533,6204,Florida Housing Data Clearinghouse,Population & Household Projections,http://flhousingdata.shimberg.ufl.edu/population-and-household-projections/results?nid=1
Collier,30.01-50% AMI,6963,6004,6848,1521,2983,3131,5442,3021,3717,Florida Housing Data Clearinghouse,Population & Household Projections,http://flhousingdata.shimberg.ufl.edu/population-and-household-projections/results?nid=1
Collier,50.01-80% AMI,16033,10152,4678,4283,5059,1363,11750,5093,3315,Florida Housing Data Clearinghouse,Population & Household Projections,http://flhousingdata.shimberg.ufl.edu/population-and-household-projections/results?nid=1
Collier,80.01-100% AMI,11368,3142,608,3362,809,117,8006,2333,491,Florida Housing Data Clearinghouse,Population & Household Projections,http://flhousingdata.shimberg.ufl.edu/population-and-household-projections/results?nid=1
Collier,Greater than 100% AMI,70467,4428,1105,9243,982,178,61224,3446,927,Florida Housing Data Clearinghouse,Population & Household Projections,http://flhousingdata.shimberg.ufl.edu/population-and-household-projections/results?nid=1
Columbia,30% AMI or less,731,270,1659,298,53,1154,433,217,505,Florida Housing Data Clearinghouse,Population & Household Projections,http://flhousingdata.shimberg.ufl.edu/population-and-household-projections/results?nid=1
Columbia,30.01-50% AMI,1817,1328,646,367,731,280,1450,597,366,Florida Housing Data Clearinghouse,Population & Household Projections,http://flhousingdata.shimberg.ufl.edu/population-and-household-projections/results?nid=1
Columbia,50.01-80% AMI,4164,1164,209,936,528,17,3228,636,192,Florida Housing Data Clearinghouse,Population & Household Projections,http://flhousingdata.shimberg.ufl.edu/population-and-household-projections/results?nid=1
Columbia,80.01-100% AMI,2086,339,109,809,97,,1277,242,109,Florida Housing Data Clearinghouse,Population & Household Projections,http://flhousingdata.shimberg.ufl.edu/population-and-household-projections/results?nid=1
Columbia,Greater than 100% AMI,12309,566,82,2578,,,9731,566,82,Florida Housing Data Clearinghouse,Population & Household Projections,http://flhousingdata.shimberg.ufl.edu/population-and-household-projections/results?nid=1
DeSoto,30% AMI or less,277,175,667,143,36,279,134,139,388,Florida Housing Data Clearinghouse,Population & Household Projections,http://flhousingdata.shimberg.ufl.edu/population-and-household-projections/results?nid=1
DeSoto,30.01-50% AMI,990,913,194,402,733,103,588,180,91,Florida Housing Data Clearinghouse,Population & Household Projections,http://flhousingdata.shimberg.ufl.edu/population-and-household-projections/results?nid=1
DeSoto,50.01-80% AMI,1956,681,160,482,384,,1474,297,160,Florida Housing Data Clearinghouse,Population & Household Projections,http://flhousingdata.shimberg.ufl.edu/population-and-household-projections/results?nid=1
DeSoto,80.01-100% AMI,975,204,70,202,86,3,773,118,67,Florida Housing Data Clearinghouse,Population & Household Projections,http://flhousingdata.shimberg.ufl.edu/population-and-household-projections/results?nid=1
DeSoto,Greater than 100% AMI,4708,180,8,675,26,,4033,154,8,Florida Housing Data Clearinghouse,Population & Household Projections,http://flhousingdata.shimberg.ufl.edu/population-and-household-projections/results?nid=1
Dixie,30% AMI or less,304,119,134,144,26,84,160,93,50,Florida Housing Data Clearinghouse,Population & Household Projections,http://flhousingdata.shimberg.ufl.edu/population-and-household-projections/results?nid=1
Dixie,30.01-50% AMI,575,85,107,152,52,32,423,33,75,Florida Housing Data Clearinghouse,Population & Household Projections,http://flhousingdata.shimberg.ufl.edu/population-and-household-projections/results?nid=1
Dixie,50.01-80% AMI,951,148,,126,36,,825,112,,Florida Housing Data Clearinghouse,Population & Household Projections,http://flhousingdata.shimberg.ufl.edu/population-and-household-projections/results?nid=1
Dixie,80.01-100% AMI,993,46,,145,,,848,46,,Florida Housing Data Clearinghouse,Population & Household Projections,http://flhousingdata.shimberg.ufl.edu/population-and-household-projections/results?nid=1
Dixie,Greater than 100% AMI,2754,27,17,203,,,2551,27,17,Florida Housing Data Clearinghouse,Population & Household Projections,http://flhousingdata.shimberg.ufl.edu/population-and-household-projections/results?nid=1
Duval,30% AMI or less,9555,6168,34453,5504,3180,22845,4051,2988,11608,Florida Housing Data Clearinghouse,Population & Household Projections,http://flhousingdata.shimberg.ufl.edu/population-and-household-projections/results?nid=1
Duval,30.01-50% AMI,14882,19854,16213,4624,14206,10938,10258,5648,5275,Florida Housing Data Clearinghouse,Population & Household Projections,http://flhousingdata.shimberg.ufl.edu/population-and-household-projections/results?nid=1
Duval,50.01-80% AMI,44597,30446,6200,19107,20386,2450,25490,10060,3750,Florida Housing Data Clearinghouse,Population & Household Projections,http://flhousingdata.shimberg.ufl.edu/population-and-household-projections/results?nid=1
Duval,80.01-100% AMI,37139,7828,940,16246,3436,149,20893,4392,791,Florida Housing Data Clearinghouse,Population & Household Projections,http://flhousingdata.shimberg.ufl.edu/population-and-household-projections/results?nid=1
Duval,Greater than 100% AMI,175172,8131,1105,48013,1995,249,127159,6136,856,Florida Housing Data Clearinghouse,Population & Household Projections,http://flhousingdata.shimberg.ufl.edu/population-and-household-projections/results?nid=1
Escambia,30% AMI or less,2775,2155,8923,1411,936,5624,1364,1219,3299,Florida Housing Data Clearinghouse,Population & Household Projections,http://flhousingdata.shimberg.ufl.edu/population-and-household-projections/results?nid=1
Escambia,30.01-50% AMI,5978,6218,4236,1418,4219,2786,4560,1999,1450,Florida Housing Data Clearinghouse,Population & Household Projections,http://flhousingdata.shimberg.ufl.edu/population-and-household-projections/results?nid=1
Escambia,50.01-80% AMI,16087,9159,1331,6374,5802,322,9713,3357,1009,Florida Housing Data Clearinghouse,Population & Household Projections,http://flhousingdata.shimberg.ufl.edu/population-and-household-projections/results?nid=1
Escambia,80.01-100% AMI,12014,2193,301,3844,861,26,8170,1332,275,Florida Housing Data Clearinghouse,Population & Household Projections,http://flhousingdata.shimberg.ufl.edu/population-and-household-projections/results?nid=1
Escambia,Greater than 100% AMI,57047,2164,355,13166,385,145,43881,1779,210,Florida Housing Data Clearinghouse,Population & Household Projections,http://flhousingdata.shimberg.ufl.edu/population-and-household-projections/results?nid=1
Flagler,30% AMI or less,538,569,2933,190,106,893,348,463,2040,Florida Housing Data Clearinghouse,Population & Household Projections,http://flhousingdata.shimberg.ufl.edu/population-and-household-projections/results?nid=1
Flagler,30.01-50% AMI,2062,1240,2195,116,256,1299,1946,984,896,Florida Housing Data Clearinghouse,Population & Household Projections,http://flhousingdata.shimberg.ufl.edu/population-and-household-projections/results?nid=1
Flagler,50.01-80% AMI,4926,3385,793,964,1489,337,3962,1896,456,Florida Housing Data Clearinghouse,Population & Household Projections,http://flhousingdata.shimberg.ufl.edu/population-and-household-projections/results?nid=1
Flagler,80.01-100% AMI,3526,1420,131,625,631,10,2901,789,121,Florida Housing Data Clearinghouse,Population & Household Projections,http://flhousingdata.shimberg.ufl.edu/population-and-household-projections/results?nid=1
Flagler,Greater than 100% AMI,23813,1273,151,3399,156,21,20414,1117,130,Florida Housing Data Clearinghouse,Population & Household Projections,http://flhousingdata.shimberg.ufl.edu/population-and-household-projections/results?nid=1
Franklin,30% AMI or less,174,113,248,120,19,99,54,94,149,Florida Housing Data Clearinghouse,Population & Household Projections,http://flhousingdata.shimberg.ufl.edu/population-and-household-projections/results?nid=1
Franklin,30.01-50% AMI,239,56,138,56,20,73,183,36,65,Florida Housing Data Clearinghouse,Population & Household Projections,http://flhousingdata.shimberg.ufl.edu/population-and-household-projections/results?nid=1
Franklin,50.01-80% AMI,545,121,145,78,33,11,467,88,134,Florida Housing Data Clearinghouse,Population & Household Projections,http://flhousingdata.shimberg.ufl.edu/population-and-household-projections/results?nid=1
Franklin,80.01-100% AMI,343,121,11,88,35,,255,86,11,Florida Housing Data Clearinghouse,Population & Household Projections,http://flhousingdata.shimberg.ufl.edu/population-and-household-projections/results?nid=1
Franklin,Greater than 100% AMI,2218,211,25,174,42,,2044,169,25,Florida Housing Data Clearinghouse,Population & Household Projections,http://flhousingdata.shimberg.ufl.edu/population-and-household-projections/results?nid=1
Gadsden,30% AMI or less,664,448,1079,452,274,664,212,174,415,Florida Housing Data Clearinghouse,Population & Household Projections,http://flhousingdata.shimberg.ufl.edu/population-and-household-projections/results?nid=1
Gadsden,30.01-50% AMI,2112,515,801,550,285,287,1562,230,514,Florida Housing Data Clearinghouse,Population & Household Projections,http://flhousingdata.shimberg.ufl.edu/population-and-household-projections/results?nid=1
Gadsden,50.01-80% AMI,2887,703,89,933,158,30,1954,545,59,Florida Housing Data Clearinghouse,Population & Household Projections,http://flhousingdata.shimberg.ufl.edu/population-and-household-projections/results?nid=1
Gadsden,80.01-100% AMI,1760,54,,175,,,1585,54,,Florida Housing Data Clearinghouse,Population & Household Projections,http://flhousingdata.shimberg.ufl.edu/population-and-household-projections/results?nid=1
Gadsden,Greater than 100% AMI,5052,14,6,367,,,4685,14,6,Florida Housing Data Clearinghouse,Population & Household Projections,http://flhousingdata.shimberg.ufl.edu/population-and-household-projections/results?nid=1
Gilchrist,30% AMI or less,570,91,304,178,51,181,392,40,123,Florida Housing Data Clearinghouse,Population & Household Projections,http://flhousingdata.shimberg.ufl.edu/population-and-household-projections/results?nid=1
Gilchrist,30.01-50% AMI,922,235,189,204,86,4,718,149,185,Florida Housing Data Clearinghouse,Population & Household Projections,http://flhousingdata.shimberg.ufl.edu/population-and-household-projections/results?nid=1
Gilchrist,50.01-80% AMI,1330,181,76,200,4,,1130,177,76,Florida Housing Data Clearinghouse,Population & Household Projections,http://flhousingdata.shimberg.ufl.edu/population-and-household-projections/results?nid=1
Gilchrist,80.01-100% AMI,969,34,7,174,,,795,34,7,Florida Housing Data Clearinghouse,Population & Household Projections,http://flhousingdata.shimberg.ufl.edu/population-and-household-projections/results?nid=1
Gilchrist,Greater than 100% AMI,2392,3,,134,,,2258,3,,Florida Housing Data Clearinghouse,Population & Household Projections,http://flhousingdata.shimberg.ufl.edu/population-and-household-projections/results?nid=1
Glades,30% AMI or less,114,57,153,46,29,56,68,28,97,Florida Housing Data Clearinghouse,Population & Household Projections,http://flhousingdata.shimberg.ufl.edu/population-and-household-projections/results?nid=1
Glades,30.01-50% AMI,534,88,128,82,12,28,452,76,100,Florida Housing Data Clearinghouse,Population & Household Projections,http://flhousingdata.shimberg.ufl.edu/population-and-household-projections/results?nid=1
Glades,50.01-80% AMI,726,87,34,205,7,16,521,80,18,Florida Housing Data Clearinghouse,Population & Household Projections,http://flhousingdata.shimberg.ufl.edu/population-and-household-projections/results?nid=1
Glades,80.01-100% AMI,579,55,,194,28,,385,27,,Florida Housing Data Clearinghouse,Population & Household Projections,http://flhousingdata.shimberg.ufl.edu/population-and-household-projections/results?nid=1
Glades,Greater than 100% AMI,1814,20,,249,,,1565,20,,Florida Housing Data Clearinghouse,Population & Household Projections,http://flhousingdata.shimberg.ufl.edu/population-and-household-projections/results?nid=1
Gulf,30% AMI or less,155,49,279,82,,131,73,49,148,Florida Housing Data Clearinghouse,Population & Household Projections,http://flhousingdata.shimberg.ufl.edu/population-and-household-projections/results?nid=1
Gulf,30.01-50% AMI,377,96,125,108,53,23,269,43,102,Florida Housing Data Clearinghouse,Population & Household Projections,http://flhousingdata.shimberg.ufl.edu/population-and-household-projections/results?nid=1
Gulf,50.01-80% AMI,581,337,149,133,204,94,448,133,55,Florida Housing Data Clearinghouse,Population & Household Projections,http://flhousingdata.shimberg.ufl.edu/population-and-household-projections/results?nid=1
Gulf,80.01-100% AMI,654,44,48,72,9,,582,35,48,Florida Housing Data Clearinghouse,Population & Household Projections,http://flhousingdata.shimberg.ufl.edu/population-and-household-projections/results?nid=1
Gulf,Greater than 100% AMI,3007,53,108,390,,,2617,53,108,Florida Housing Data Clearinghouse,Population & Household Projections,http://flhousingdata.shimberg.ufl.edu/population-and-household-projections/results?nid=1
Hamilton,30% AMI or less,208,161,251,86,49,184,122,112,67,Florida Housing Data Clearinghouse,Population & Household Projections,http://flhousingdata.shimberg.ufl.edu/population-and-household-projections/results?nid=1
Hamilton,30.01-50% AMI,313,103,107,88,50,44,225,53,63,Florida Housing Data Clearinghouse,Population & Household Projections,http://flhousingdata.shimberg.ufl.edu/population-and-household-projections/results?nid=1
Hamilton,50.01-80% AMI,791,142,113,181,45,9,610,97,104,Florida Housing Data Clearinghouse,Population & Household Projections,http://flhousingdata.shimberg.ufl.edu/population-and-household-projections/results?nid=1
Hamilton,80.01-100% AMI,331,39,7,103,,,228,39,7,Florida Housing Data Clearinghouse,Population & Household Projections,http://flhousingdata.shimberg.ufl.edu/population-and-household-projections/results?nid=1
Hamilton,Greater than 100% AMI,1822,52,,245,31,,1577,21,,Florida Housing Data Clearinghouse,Population & Household Projections,http://flhousingdata.shimberg.ufl.edu/population-and-household-projections/results?nid=1
Hardee,30% AMI or less,360,305,362,164,102,240,196,203,122,Florida Housing Data Clearinghouse,Population & Household Projections,http://flhousingdata.shimberg.ufl.edu/population-and-household-projections/results?nid=1
Hardee,30.01-50% AMI,420,719,86,103,560,41,317,159,45,Florida Housing Data Clearinghouse,Population & Household Projections,http://flhousingdata.shimberg.ufl.edu/population-and-household-projections/results?nid=1
Hardee,50.01-80% AMI,1389,202,77,472,138,58,917,64,19,Florida Housing Data Clearinghouse,Population & Household Projections,http://flhousingdata.shimberg.ufl.edu/population-and-household-projections/results?nid=1
Hardee,80.01-100% AMI,834,92,25,217,74,13,617,18,12,Florida Housing Data Clearinghouse,Population & Household Projections,http://flhousingdata.shimberg.ufl.edu/population-and-household-projections/results?nid=1
Hardee,Greater than 100% AMI,3112,25,,510,,,2602,25,,Florida Housing Data Clearinghouse,Population & Household Projections,http://flhousingdata.shimberg.ufl.edu/population-and-household-projections/results?nid=1
Hendry,30% AMI or less,43,282,1460,21,102,765,22,180,695,Florida Housing Data Clearinghouse,Population & Household Projections,http://flhousingdata.shimberg.ufl.edu/population-and-household-projections/results?nid=1
Hendry,30.01-50% AMI,674,517,397,176,181,314,498,336,83,Florida Housing Data Clearinghouse,Population & Household Projections,http://flhousingdata.shimberg.ufl.edu/population-and-household-projections/results?nid=1
Hendry,50.01-80% AMI,1981,786,356,672,303,4,1309,483,352,Florida Housing Data Clearinghouse,Population & Household Projections,http://flhousingdata.shimberg.ufl.edu/population-and-household-projections/results?nid=1
Hendry,80.01-100% AMI,1410,76,19,402,59,,1008,17,19,Florida Housing Data Clearinghouse,Population & Household Projections,http://flhousingdata.shimberg.ufl.edu/population-and-household-projections/results?nid=1
Hendry,Greater than 100% AMI,5322,226,,926,26,,4396,200,,Florida Housing Data Clearinghouse,Population & Household Projections,http://flhousingdata.shimberg.ufl.edu/population-and-household-projections/results?nid=1
Hernando,30% AMI or less,2398,1422,6421,330,436,2716,2068,986,3705,Florida Housing Data Clearinghouse,Population & Household Projections,http://flhousingdata.shimberg.ufl.edu/population-and-household-projections/results?nid=1
Hernando,30.01-50% AMI,5510,3271,2368,549,1740,1129,4961,1531,1239,Florida Housing Data Clearinghouse,Population & Household Projections,http://flhousingdata.shimberg.ufl.edu/population-and-household-projections/results?nid=1
Hernando,50.01-80% AMI,13040,4433,781,2208,1747,172,10832,2686,609,Florida Housing Data Clearinghouse,Population & Household Projections,http://flhousingdata.shimberg.ufl.edu/population-and-household-projections/results?nid=1
Hernando,80.01-100% AMI,8739,850,67,1839,133,47,6900,717,20,Florida Housing Data Clearinghouse,Population & Household Projections,http://flhousingdata.shimberg.ufl.edu/population-and-household-projections/results?nid=1
Hernando,Greater than 100% AMI,31204,925,114,2859,54,10,28345,871,104,Florida Housing Data Clearinghouse,Population & Household Projections,http://flhousingdata.shimberg.ufl.edu/population-and-household-projections/results?nid=1
Highlands,30% AMI or less,886,444,2494,287,220,1108,599,224,1386,Florida Housing Data Clearinghouse,Population & Household Projections,http://flhousingdata.shimberg.ufl.edu/population-and-household-projections/results?nid=1
Highlands,30.01-50% AMI,3175,1903,1056,371,898,560,2804,1005,496,Florida Housing Data Clearinghouse,Population & Household Projections,http://flhousingdata.shimberg.ufl.edu/population-and-household-projections/results?nid=1
Highlands,50.01-80% AMI,6267,2305,474,1236,1188,135,5031,1117,339,Florida Housing Data Clearinghouse,Population & Household Projections,http://flhousingdata.shimberg.ufl.edu/population-and-household-projections/results?nid=1
Highlands,80.01-100% AMI,4227,522,76,762,113,21,3465,409,55,Florida Housing Data Clearinghouse,Population & Household Projections,http://flhousingdata.shimberg.ufl.edu/population-and-household-projections/results?nid=1
Highlands,Greater than 100% AMI,20380,652,94,2605,152,13,17775,500,81,Florida Housing Data Clearinghouse,Population & Household Projections,http://flhousingdata.shimberg.ufl.edu/population-and-household-projections/results?nid=1
Hillsborough,30% AMI or less,9482,6951,46510,4711,2882,30931,4771,4069,15579,Florida Housing Data Clearinghouse,Population & Household Projections,http://flhousingdata.shimberg.ufl.edu/population-and-household-projections/results?nid=1
Hillsborough,30.01-50% AMI,17772,21022,26539,4379,14433,17222,13393,6589,9317,Florida Housing Data Clearinghouse,Population & Household Projections,http://flhousingdata.shimberg.ufl.edu/population-and-household-projections/results?nid=1
Hillsborough,50.01-80% AMI,47934,39728,11306,18058,25608,5890,29876,14120,5416,Florida Housing Data Clearinghouse,Population & Household Projections,http://flhousingdata.shimberg.ufl.edu/population-and-household-projections/results?nid=1
Hillsborough,80.01-100% AMI,42434,14550,1876,17638,8072,613,24796,6478,1263,Florida Housing Data Clearinghouse,Population & Household Projections,http://flhousingdata.shimberg.ufl.edu/population-and-household-projections/results?nid=1
Hillsborough,Greater than 100% AMI,265552,17135,1706,70566,5035,374,194986,12100,1332,Florida Housing Data Clearinghouse,Population & Household Projections,http://flhousingdata.shimberg.ufl.edu/population-and-household-projections/results?nid=1
Holmes,30% AMI or less,213,229,315,111,10,114,102,219,201,Florida Housing Data Clearinghouse,Population & Household Projections,http://flhousingdata.shimberg.ufl.edu/population-and-household-projections/results?nid=1
Holmes,30.01-50% AMI,751,326,196,104,163,104,647,163,92,Florida Housing Data Clearinghouse,Population & Household Projections,http://flhousingdata.shimberg.ufl.edu/population-and-household-projections/results?nid=1
Holmes,50.01-80% AMI,1106,292,23,423,144,5,683,148,18,Florida Housing Data Clearinghouse,Population & Household Projections,http://flhousingdata.shimberg.ufl.edu/population-and-household-projections/results?nid=1
Holmes,80.01-100% AMI,729,83,16,133,,,596,83,16,Florida Housing Data Clearinghouse,Population & Household Projections,http://flhousingdata.shimberg.ufl.edu/population-and-household-projections/results?nid=1
Holmes,Greater than 100% AMI,2942,87,51,346,,,2596,87,51,Florida Housing Data Clearinghouse,Population & Household Projections,http://flhousingdata.shimberg.ufl.edu/population-and-household-projections/results?nid=1
Indian River,30% AMI or less,1251,806,3761,272,235,1712,979,571,2049,Florida Housing Data Clearinghouse,Population & Household Projections,http://flhousingdata.shimberg.ufl.edu/population-and-household-projections/results?nid=1
Indian River,30.01-50% AMI,2904,2673,2693,452,1024,1285,2452,1649,1408,Florida Housing Data Clearinghouse,Population & Household Projections,http://flhousingdata.shimberg.ufl.edu/population-and-household-projections/results?nid=1
Indian River,50.01-80% AMI,7589,3512,1274,1342,1615,347,6247,1897,927,Florida Housing Data Clearinghouse,Population & Household Projections,http://flhousingdata.shimberg.ufl.edu/population-and-household-projections/results?nid=1
Indian River,80.01-100% AMI,6283,969,168,1238,133,30,5045,836,138,Florida Housing Data Clearinghouse,Population & Household Projections,http://flhousingdata.shimberg.ufl.edu/population-and-household-projections/results?nid=1
Indian River,Greater than 100% AMI,30863,1122,270,3339,176,48,27524,946,222,Florida Housing Data Clearinghouse,Population & Household Projections,http://flhousingdata.shimberg.ufl.edu/population-and-household-projections/results?nid=1
Jackson,30% AMI or less,515,446,1076,370,174,742,145,272,334,Florida Housing Data Clearinghouse,Population & Household Projections,http://flhousingdata.shimberg.ufl.edu/population-and-household-projections/results?nid=1
Jackson,30.01-50% AMI,997,579,497,296,345,209,701,234,288,Florida Housing Data Clearinghouse,Population & Household Projections,http://flhousingdata.shimberg.ufl.edu/population-and-household-projections/results?nid=1
Jackson,50.01-80% AMI,2408,828,182,512,375,30,1896,453,152,Florida Housing Data Clearinghouse,Population & Household Projections,http://flhousingdata.shimberg.ufl.edu/population-and-household-projections/results?nid=1
Jackson,80.01-100% AMI,1854,149,43,382,10,,1472,139,43,Florida Housing Data Clearinghouse,Population & Household Projections,http://flhousingdata.shimberg.ufl.edu/population-and-household-projections/results?nid=1
Jackson,Greater than 100% AMI,7614,231,20,1048,15,,6566,216,20,Florida Housing Data Clearinghouse,Population & Household Projections,http://flhousingdata.shimberg.ufl.edu/population-and-household-projections/results?nid=1
Jefferson,30% AMI or less,183,229,403,100,74,133,83,155,270,Florida Housing Data Clearinghouse,Population & Household Projections,http://flhousingdata.shimberg.ufl.edu/population-and-household-projections/results?nid=1
Jefferson,30.01-50% AMI,542,254,138,184,172,63,358,82,75,Florida Housing Data Clearinghouse,Population & Household Projections,http://flhousingdata.shimberg.ufl.edu/population-and-household-projections/results?nid=1
Jefferson,50.01-80% AMI,911,227,,266,82,,645,145,,Florida Housing Data Clearinghouse,Population & Household Projections,http://flhousingdata.shimberg.ufl.edu/population-and-household-projections/results?nid=1
Jefferson,80.01-100% AMI,483,4,,101,,,382,4,,Florida Housing Data Clearinghouse,Population & Household Projections,http://flhousingdata.shimberg.ufl.edu/population-and-household-projections/results?nid=1
Jefferson,Greater than 100% AMI,2351,64,22,257,,,2094,64,22,Florida Housing Data Clearinghouse,Population & Household Projections,http://flhousingdata.shimberg.ufl.edu/population-and-household-projections/results?nid=1
Lafayette,30% AMI or less,164,26,221,71,2,130,93,24,91,Florida Housing Data Clearinghouse,Population & Household Projections,http://flhousingdata.shimberg.ufl.edu/population-and-household-projections/results?nid=1
Lafayette,30.01-50% AMI,54,31,3,4,6,,50,25,3,Florida Housing Data Clearinghouse,Population & Household Projections,http://flhousingdata.shimberg.ufl.edu/population-and-household-projections/results?nid=1
Lafayette,50.01-80% AMI,286,12,13,63,8,,223,4,13,Florida Housing Data Clearinghouse,Population & Household Projections,http://flhousingdata.shimberg.ufl.edu/population-and-household-projections/results?nid=1
Lafayette,80.01-100% AMI,156,49,11,15,,,141,49,11,Florida Housing Data Clearinghouse,Population & Household Projections,http://flhousingdata.shimberg.ufl.edu/population-and-household-projections/results?nid=1
Lafayette,Greater than 100% AMI,1270,11,,120,,,1150,11,,Florida Housing Data Clearinghouse,Population & Household Projections,http://flhousingdata.shimberg.ufl.edu/population-and-household-projections/results?nid=1
Lake,30% AMI or less,3510,3397,10384,1054,918,4611,2456,2479,5773,Florida Housing Data Clearinghouse,Population & Household Projections,http://flhousingdata.shimberg.ufl.edu/population-and-household-projections/results?nid=1
Lake,30.01-50% AMI,10763,7232,5911,1836,3772,2753,8927,3460,3158,Florida Housing Data Clearinghouse,Population & Household Projections,http://flhousingdata.shimberg.ufl.edu/population-and-household-projections/results?nid=1
Lake,50.01-80% AMI,19911,10095,1945,4071,4655,629,15840,5440,1316,Florida Housing Data Clearinghouse,Population & Household Projections,http://flhousingdata.shimberg.ufl.edu/population-and-household-projections/results?nid=1
Lake,80.01-100% AMI,15097,2715,423,3109,938,139,11988,1777,284,Florida Housing Data Clearinghouse,Population & Household Projections,http://flhousingdata.shimberg.ufl.edu/population-and-household-projections/results?nid=1
Lake,Greater than 100% AMI,65985,2314,330,8333,549,213,57652,1765,117,Florida Housing Data Clearinghouse,Population & Household Projections,http://flhousingdata.shimberg.ufl.edu/population-and-household-projections/results?nid=1
Lee,30% AMI or less,4255,3936,23108,1453,1086,10529,2802,2850,12579,Florida Housing Data Clearinghouse,Population & Household Projections,http://flhousingdata.shimberg.ufl.edu/population-and-household-projections/results?nid=1
Lee,30.01-50% AMI,11896,10889,14720,2244,5340,8379,9652,5549,6341,Florida Housing Data Clearinghouse,Population & Household Projections,http://flhousingdata.shimberg.ufl.edu/population-and-household-projections/results?nid=1
Lee,50.01-80% AMI,32759,19581,7502,7405,9571,2820,25354,10010,4682,Florida Housing Data Clearinghouse,Population & Household Projections,http://flhousingdata.shimberg.ufl.edu/population-and-household-projections/results?nid=1
Lee,80.01-100% AMI,27723,8083,1188,8135,3433,317,19588,4650,871,Florida Housing Data Clearinghouse,Population & Household Projections,http://flhousingdata.shimberg.ufl.edu/population-and-household-projections/results?nid=1
Lee,Greater than 100% AMI,141822,9522,1218,24737,1946,238,117085,7576,980,Florida Housing Data Clearinghouse,Population & Household Projections,http://flhousingdata.shimberg.ufl.edu/population-and-household-projections/results?nid=1
Leon,30% AMI or less,1407,1742,14220,838,1049,11420,569,693,2800,Florida Housing Data Clearinghouse,Population & Household Projections,http://flhousingdata.shimberg.ufl.edu/population-and-household-projections/results?nid=1
Leon,30.01-50% AMI,3038,5418,5761,1225,4071,4643,1813,1347,1118,Florida Housing Data Clearinghouse,Population & Household Projections,http://flhousingdata.shimberg.ufl.edu/population-and-household-projections/results?nid=1
Leon,50.01-80% AMI,10596,9044,1779,5508,7049,1247,5088,1995,532,Florida Housing Data Clearinghouse,Population & Household Projections,http://flhousingdata.shimberg.ufl.edu/population-and-household-projections/results?nid=1
Leon,80.01-100% AMI,8958,2666,198,4349,1542,49,4609,1124,149,Florida Housing Data Clearinghouse,Population & Household Projections,http://flhousingdata.shimberg.ufl.edu/population-and-household-projections/results?nid=1
Leon,Greater than 100% AMI,54028,2168,112,14005,277,,40023,1891,112,Florida Housing Data Clearinghouse,Population & Household Projections,http://flhousingdata.shimberg.ufl.edu/population-and-household-projections/results?nid=1
Levy,30% AMI or less,878,238,892,246,80,450,632,158,442,Florida Housing Data Clearinghouse,Population & Household Projections,http://flhousingdata.shimberg.ufl.edu/population-and-household-projections/results?nid=1
Levy,30.01-50% AMI,1545,500,709,311,277,317,1234,223,392,Florida Housing Data Clearinghouse,Population & Household Projections,http://flhousingdata.shimberg.ufl.edu/population-and-household-projections/results?nid=1
Levy,50.01-80% AMI,2089,1172,148,441,368,4,1648,804,144,Florida Housing Data Clearinghouse,Population & Household Projections,http://flhousingdata.shimberg.ufl.edu/population-and-household-projections/results?nid=1
Levy,80.01-100% AMI,1720,350,64,399,41,,1321,309,64,Florida Housing Data Clearinghouse,Population & Household Projections,http://flhousingdata.shimberg.ufl.edu/population-and-household-projections/results?nid=1
Levy,Greater than 100% AMI,7310,420,27,712,7,,6598,413,27,Florida Housing Data Clearinghouse,Population & Household Projections,http://flhousingdata.shimberg.ufl.edu/population-and-household-projections/results?nid=1
Liberty,30% AMI or less,201,92,90,88,3,34,113,89,56,Florida Housing Data Clearinghouse,Population & Household Projections,http://flhousingdata.shimberg.ufl.edu/population-and-household-projections/results?nid=1
Liberty,30.01-50% AMI,117,56,68,11,46,,106,10,68,Florida Housing Data Clearinghouse,Population & Household Projections,http://flhousingdata.shimberg.ufl.edu/population-and-household-projections/results?nid=1
Liberty,50.01-80% AMI,411,65,26,52,3,,359,62,26,Florida Housing Data Clearinghouse,Population & Household Projections,http://flhousingdata.shimberg.ufl.edu/population-and-household-projections/results?nid=1
Liberty,80.01-100% AMI,226,4,,43,,,183,4,,Florida Housing Data Clearinghouse,Population & Household Projections,http://flhousingdata.shimberg.ufl.edu/population-and-household-projections/results?nid=1
Liberty,Greater than 100% AMI,1054,58,15,162,27,,892,31,15,Florida Housing Data Clearinghouse,Population & Household Projections,http://flhousingdata.shimberg.ufl.edu/population-and-household-projections/results?nid=1
Madison,30% AMI or less,176,195,583,73,60,229,103,135,354,Florida Housing Data Clearinghouse,Population & Household Projections,http://flhousingdata.shimberg.ufl.edu/population-and-household-projections/results?nid=1
Madison,30.01-50% AMI,457,350,418,121,171,175,336,179,243,Florida Housing Data Clearinghouse,Population & Household Projections,http://flhousingdata.shimberg.ufl.edu/population-and-household-projections/results?nid=1
Madison,50.01-80% AMI,822,192,39,218,149,,604,43,39,Florida Housing Data Clearinghouse,Population & Household Projections,http://flhousingdata.shimberg.ufl.edu/population-and-household-projections/results?nid=1
Madison,80.01-100% AMI,648,29,,186,2,,462,27,,Florida Housing Data Clearinghouse,Population & Household Projections,http://flhousingdata.shimberg.ufl.edu/population-and-household-projections/results?nid=1
Madison,Greater than 100% AMI,2587,56,,422,,,2165,56,,Florida Housing Data Clearinghouse,Population & Household Projections,http://flhousingdata.shimberg.ufl.edu/population-and-household-projections/results?nid=1
Manatee,30% AMI or less,3685,2568,11696,950,664,5735,2735,1904,5961,Florida Housing Data Clearinghouse,Population & Household Projections,http://flhousingdata.shimberg.ufl.edu/population-and-household-projections/results?nid=1
Manatee,30.01-50% AMI,8893,6880,7051,1380,3821,3533,7513,3059,3518,Florida Housing Data Clearinghouse,Population & Household Projections,http://flhousingdata.shimberg.ufl.edu/population-and-household-projections/results?nid=1
Manatee,50.01-80% AMI,20644,9564,3033,4553,4864,922,16091,4700,2111,Florida Housing Data Clearinghouse,Population & Household Projections,http://flhousingdata.shimberg.ufl.edu/population-and-household-projections/results?nid=1
Manatee,80.01-100% AMI,14337,3529,621,3574,1337,135,10763,2192,486,Florida Housing Data Clearinghouse,Population & Household Projections,http://flhousingdata.shimberg.ufl.edu/population-and-household-projections/results?nid=1
Manatee,Greater than 100% AMI,70327,4262,438,9893,545,43,60434,3717,395,Florida Housing Data Clearinghouse,Population & Household Projections,http://flhousingdata.shimberg.ufl.edu/population-and-household-projections/results?nid=1
Marion,30% AMI or less,2112,1720,9315,689,348,4233,1423,1372,5082,Florida Housing Data Clearinghouse,Population & Household Projections,http://flhousingdata.shimberg.ufl.edu/population-and-household-projections/results?nid=1
Marion,30.01-50% AMI,8815,5140,6024,1529,1740,3126,7286,3400,2898,Florida Housing Data Clearinghouse,Population & Household Projections,http://flhousingdata.shimberg.ufl.edu/population-and-household-projections/results?nid=1
Marion,50.01-80% AMI,20606,7916,2624,3837,4293,743,16769,3623,1881,Florida Housing Data Clearinghouse,Population & Household Projections,http://flhousingdata.shimberg.ufl.edu/population-and-household-projections/results?nid=1
Marion,80.01-100% AMI,15475,3571,596,3956,997,85,11519,2574,511,Florida Housing Data Clearinghouse,Population & Household Projections,http://flhousingdata.shimberg.ufl.edu/population-and-household-projections/results?nid=1
Marion,Greater than 100% AMI,75485,3475,485,11356,601,64,64129,2874,421,Florida Housing Data Clearinghouse,Population & Household Projections,http://flhousingdata.shimberg.ufl.edu/population-and-household-projections/results?nid=1
Martin,30% AMI or less,931,730,4168,208,210,1751,723,520,2417,Florida Housing Data Clearinghouse,Population & Household Projections,http://flhousingdata.shimberg.ufl.edu/population-and-household-projections/results?nid=1
Martin,30.01-50% AMI,3199,2473,2701,421,877,1151,2778,1596,1550,Florida Housing Data Clearinghouse,Population & Household Projections,http://flhousingdata.shimberg.ufl.edu/population-and-household-projections/results?nid=1
Martin,50.01-80% AMI,6929,2956,1109,1211,1561,297,5718,1395,812,Florida Housing Data Clearinghouse,Population & Household Projections,http://flhousingdata.shimberg.ufl.edu/population-and-household-projections/results?nid=1
Martin,80.01-100% AMI,5015,1673,393,1110,478,35,3905,1195,358,Florida Housing Data Clearinghouse,Population & Household Projections,http://flhousingdata.shimberg.ufl.edu/population-and-household-projections/results?nid=1
Martin,Greater than 100% AMI,33013,2282,722,3664,487,61,29349,1795,661,Florida Housing Data Clearinghouse,Population & Household Projections,http://flhousingdata.shimberg.ufl.edu/population-and-household-projections/results?nid=1
Miami-Dade,30% AMI or less,31749,25755,135951,20209,14639,94679,11540,11116,41272,Florida Housing Data Clearinghouse,Population & Household Projections,http://flhousingdata.shimberg.ufl.edu/population-and-household-projections/results?nid=1
Miami-Dade,30.01-50% AMI,37195,55258,69289,10664,38769,48137,26531,16489,21152,Florida Housing Data Clearinghouse,Population & Household Projections,http://flhousingdata.shimberg.ufl.edu/population-and-household-projections/results?nid=1
Miami-Dade,50.01-80% AMI,86008,80071,25198,37166,52323,12137,48842,27748,13061,Florida Housing Data Clearinghouse,Population & Household Projections,http://flhousingdata.shimberg.ufl.edu/population-and-household-projections/results?nid=1
Miami-Dade,80.01-100% AMI,70188,24573,3859,30902,11806,1435,39286,12767,2424,Florida Housing Data Clearinghouse,Population & Household Projections,http://flhousingdata.shimberg.ufl.edu/population-and-household-projections/results?nid=1
Miami-Dade,Greater than 100% AMI,303280,29957,4293,89674,9472,598,213606,20485,3695,Florida Housing Data Clearinghouse,Population & Household Projections,http://flhousingdata.shimberg.ufl.edu/population-and-household-projections/results?nid=1
Monroe,30% AMI or less,681,488,3243,423,268,1803,258,220,1440,Florida Housing Data Clearinghouse,Population & Household Projections,http://flhousingdata.shimberg.ufl.edu/population-and-household-projections/results?nid=1
Monroe,30.01-50% AMI,1730,1236,1809,375,693,1081,1355,543,728,Florida Housing Data Clearinghouse,Population & Household Projections,http://flhousingdata.shimberg.ufl.edu/population-and-household-projections/results?nid=1
Monroe,50.01-80% AMI,3154,1957,1680,1024,1379,649,2130,578,1031,Florida Housing Data Clearinghouse,Population & Household Projections,http://flhousingdata.shimberg.ufl.edu/population-and-household-projections/results?nid=1
Monroe,80.01-100% AMI,2420,1033,315,1030,489,89,1390,544,226,Florida Housing Data Clearinghouse,Population & Household Projections,http://flhousingdata.shimberg.ufl.edu/population-and-household-projections/results?nid=1
Monroe,Greater than 100% AMI,13448,2314,245,3363,816,14,10085,1498,231,Florida Housing Data Clearinghouse,Population & Household Projections,http://flhousingdata.shimberg.ufl.edu/population-and-household-projections/results?nid=1
Nassau,30% AMI or less,648,465,2403,192,270,893,456,195,1510,Florida Housing Data Clearinghouse,Population & Household Projections,http://flhousingdata.shimberg.ufl.edu/population-and-household-projections/results?nid=1
Nassau,30.01-50% AMI,1131,1043,786,228,527,266,903,516,520,Florida Housing Data Clearinghouse,Population & Household Projections,http://flhousingdata.shimberg.ufl.edu/population-and-household-projections/results?nid=1
Nassau,50.01-80% AMI,4479,1640,500,922,478,42,3557,1162,458,Florida Housing Data Clearinghouse,Population & Household Projections,http://flhousingdata.shimberg.ufl.edu/population-and-household-projections/results?nid=1
Nassau,80.01-100% AMI,2808,799,122,686,191,18,2122,608,104,Florida Housing Data Clearinghouse,Population & Household Projections,http://flhousingdata.shimberg.ufl.edu/population-and-household-projections/results?nid=1
Nassau,Greater than 100% AMI,20042,974,80,1720,54,5,18322,920,75,Florida Housing Data Clearinghouse,Population & Household Projections,http://flhousingdata.shimberg.ufl.edu/population-and-household-projections/results?nid=1
Okaloosa,30% AMI or less,1815,1511,5314,843,631,3197,972,880,2117,Florida Housing Data Clearinghouse,Population & Household Projections,http://flhousingdata.shimberg.ufl.edu/population-and-household-projections/results?nid=1
Okaloosa,30.01-50% AMI,3696,3919,2710,1071,2656,1848,2625,1263,862,Florida Housing Data Clearinghouse,Population & Household Projections,http://flhousingdata.shimberg.ufl.edu/population-and-household-projections/results?nid=1
Okaloosa,50.01-80% AMI,8899,5591,1673,3283,3020,397,5616,2571,1276,Florida Housing Data Clearinghouse,Population & Household Projections,http://flhousingdata.shimberg.ufl.edu/population-and-household-projections/results?nid=1
Okaloosa,80.01-100% AMI,8618,1616,281,2879,647,,5739,969,281,Florida Housing Data Clearinghouse,Population & Household Projections,http://flhousingdata.shimberg.ufl.edu/population-and-household-projections/results?nid=1
Okaloosa,Greater than 100% AMI,38270,1880,218,6493,454,51,31777,1426,167,Florida Housing Data Clearinghouse,Population & Household Projections,http://flhousingdata.shimberg.ufl.edu/population-and-household-projections/results?nid=1
Okeechobee,30% AMI or less,244,290,626,10,185,461,234,105,165,Florida Housing Data Clearinghouse,Population & Household Projections,http://flhousingdata.shimberg.ufl.edu/population-and-household-projections/results?nid=1
Okeechobee,30.01-50% AMI,968,361,409,241,225,159,727,136,250,Florida Housing Data Clearinghouse,Population & Household Projections,http://flhousingdata.shimberg.ufl.edu/population-and-household-projections/results?nid=1
Okeechobee,50.01-80% AMI,1747,699,224,334,370,88,1413,329,136,Florida Housing Data Clearinghouse,Population & Household Projections,http://flhousingdata.shimberg.ufl.edu/population-and-household-projections/results?nid=1
Okeechobee,80.01-100% AMI,1377,293,20,395,174,,982,119,20,Florida Housing Data Clearinghouse,Population & Household Projections,http://flhousingdata.shimberg.ufl.edu/population-and-household-projections/results?nid=1
Okeechobee,Greater than 100% AMI,6809,308,49,934,62,10,5875,246,39,Florida Housing Data Clearinghouse,Population & Household Projections,http://flhousingdata.shimberg.ufl.edu/population-and-household-projections/results?nid=1
Orange,30% AMI or less,5783,5800,45755,3217,2727,31556,2566,3073,14199,Florida Housing Data Clearinghouse,Population & Household Projections,http://flhousingdata.shimberg.ufl.edu/population-and-household-projections/results?nid=1
Orange,30.01-50% AMI,12807,21976,25792,3423,14954,17926,9384,7022,7866,Florida Housing Data Clearinghouse,Population & Household Projections,http://flhousingdata.shimberg.ufl.edu/population-and-household-projections/results?nid=1
Orange,50.01-80% AMI,41188,43858,10434,15738,28905,5054,25450,14953,5380,Florida Housing Data Clearinghouse,Population & Household Projections,http://flhousingdata.shimberg.ufl.edu/population-and-household-projections/results?nid=1
Orange,80.01-100% AMI,39194,13707,1410,17533,7529,334,21661,6178,1076,Florida Housing Data Clearinghouse,Population & Household Projections,http://flhousingdata.shimberg.ufl.edu/population-and-household-projections/results?nid=1
Orange,Greater than 100% AMI,219406,12423,1761,63095,3143,144,156311,9280,1617,Florida Housing Data Clearinghouse,Population & Household Projections,http://flhousingdata.shimberg.ufl.edu/population-and-household-projections/results?nid=1
Osceola,30% AMI or less,1960,1702,12024,536,587,6607,1424,1115,5417,Florida Housing Data Clearinghouse,Population & Household Projections,http://flhousingdata.shimberg.ufl.edu/population-and-household-projections/results?nid=1
Osceola,30.01-50% AMI,4852,6267,8143,677,3268,4391,4175,2999,3752,Florida Housing Data Clearinghouse,Population & Household Projections,http://flhousingdata.shimberg.ufl.edu/population-and-household-projections/results?nid=1
Osceola,50.01-80% AMI,14496,12159,3075,4244,6293,1232,10252,5866,1843,Florida Housing Data Clearinghouse,Population & Household Projections,http://flhousingdata.shimberg.ufl.edu/population-and-household-projections/results?nid=1
Osceola,80.01-100% AMI,12542,3550,278,4481,1300,36,8061,2250,242,Florida Housing Data Clearinghouse,Population & Household Projections,http://flhousingdata.shimberg.ufl.edu/population-and-household-projections/results?nid=1
Osceola,Greater than 100% AMI,47840,2384,169,9731,378,12,38109,2006,157,Florida Housing Data Clearinghouse,Population & Household Projections,http://flhousingdata.shimberg.ufl.edu/population-and-household-projections/results?nid=1
Palm Beach,30% AMI or less,8714,9660,55126,3792,2627,27527,4922,7033,27599,Florida Housing Data Clearinghouse,Population & Household Projections,http://flhousingdata.shimberg.ufl.edu/population-and-household-projections/results?nid=1
Palm Beach,30.01-50% AMI,23531,25258,32339,4204,11730,17689,19327,13528,14650,Florida Housing Data Clearinghouse,Population & Household Projections,http://flhousingdata.shimberg.ufl.edu/population-and-household-projections/results?nid=1
Palm Beach,50.01-80% AMI,53833,39984,16226,13718,21439,6924,40115,18545,9302,Florida Housing Data Clearinghouse,Population & Household Projections,http://flhousingdata.shimberg.ufl.edu/population-and-household-projections/results?nid=1
Palm Beach,80.01-100% AMI,41794,16598,3470,12730,7501,1075,29064,9097,2395,Florida Housing Data Clearinghouse,Population & Household Projections,http://flhousingdata.shimberg.ufl.edu/population-and-household-projections/results?nid=1
Palm Beach,Greater than 100% AMI,247686,19752,3543,46098,4916,678,201588,14836,2865,Florida Housing Data Clearinghouse,Population & Household Projections,http://flhousingdata.shimberg.ufl.edu/population-and-household-projections/results?nid=1
Pasco,30% AMI or less,5633,4533,16437,1177,1146,8003,4456,3387,8434,Florida Housing Data Clearinghouse,Population & Household Projections,http://flhousingdata.shimberg.ufl.edu/population-and-household-projections/results?nid=1
Pasco,30.01-50% AMI,12985,10575,8307,1693,5157,4381,11292,5418,3926,Florida Housing Data Clearinghouse,Population & Household Projections,http://flhousingdata.shimberg.ufl.edu/population-and-household-projections/results?nid=1
Pasco,50.01-80% AMI,30469,13325,3166,6545,6678,1114,23924,6647,2052,Florida Housing Data Clearinghouse,Population & Household Projections,http://flhousingdata.shimberg.ufl.edu/population-and-household-projections/results?nid=1
Pasco,80.01-100% AMI,20841,4562,480,5564,1104,27,15277,3458,453,Florida Housing Data Clearinghouse,Population & Household Projections,http://flhousingdata.shimberg.ufl.edu/population-and-household-projections/results?nid=1
Pasco,Greater than 100% AMI,97282,4843,375,15870,695,42,81412,4148,333,Florida Housing Data Clearinghouse,Population & Household Projections,http://flhousingdata.shimberg.ufl.edu/population-and-household-projections/results?nid=1
Pinellas,30% AMI or less,6651,6433,31789,2713,1636,17007,3938,4797,14782,Florida Housing Data Clearinghouse,Population & Household Projections,http://flhousingdata.shimberg.ufl.edu/population-and-household-projections/results?nid=1
Pinellas,30.01-50% AMI,16223,17401,17874,2466,8655,10348,13757,8746,7526,Florida Housing Data Clearinghouse,Population & Household Projections,http://flhousingdata.shimberg.ufl.edu/population-and-household-projections/results?nid=1
Pinellas,50.01-80% AMI,41409,25975,9570,10724,14765,4007,30685,11210,5563,Florida Housing Data Clearinghouse,Population & Household Projections,http://flhousingdata.shimberg.ufl.edu/population-and-household-projections/results?nid=1
Pinellas,80.01-100% AMI,32597,9069,1937,9940,4056,330,22657,5013,1607,Florida Housing Data Clearinghouse,Population & Household Projections,http://flhousingdata.shimberg.ufl.edu/population-and-household-projections/results?nid=1
Pinellas,Greater than 100% AMI,189639,13223,2225,39079,3231,520,150560,9992,1705,Florida Housing Data Clearinghouse,Population & Household Projections,http://flhousingdata.shimberg.ufl.edu/population-and-household-projections/results?nid=1
Polk,30% AMI or less,3529,3043,16125,1309,794,9083,2220,2249,7042,Florida Housing Data Clearinghouse,Population & Household Projections,http://flhousingdata.shimberg.ufl.edu/population-and-household-projections/results?nid=1
Polk,30.01-50% AMI,9294,9981,12678,1978,4733,7102,7316,5248,5576,Florida Housing Data Clearinghouse,Population & Household Projections,http://flhousingdata.shimberg.ufl.edu/population-and-household-projections/results?nid=1
Polk,50.01-80% AMI,30058,15553,6361,7898,8173,2399,22160,7380,3962,Florida Housing Data Clearinghouse,Population & Household Projections,http://flhousingdata.shimberg.ufl.edu/population-and-household-projections/results?nid=1
Polk,80.01-100% AMI,23014,7583,719,6647,2921,162,16367,4662,557,Florida Housing Data Clearinghouse,Population & Household Projections,http://flhousingdata.shimberg.ufl.edu/population-and-household-projections/results?nid=1
Polk,Greater than 100% AMI,133310,6783,641,26861,1938,107,106449,4845,534,Florida Housing Data Clearinghouse,Population & Household Projections,http://flhousingdata.shimberg.ufl.edu/population-and-household-projections/results?nid=1
Putnam,30% AMI or less,819,583,1891,333,296,914,486,287,977,Florida Housing Data Clearinghouse,Population & Household Projections,http://flhousingdata.shimberg.ufl.edu/population-and-household-projections/results?nid=1
Putnam,30.01-50% AMI,2010,1007,898,401,501,361,1609,506,537,Florida Housing Data Clearinghouse,Population & Household Projections,http://flhousingdata.shimberg.ufl.edu/population-and-household-projections/results?nid=1
Putnam,50.01-80% AMI,4378,1512,514,1266,983,180,3112,529,334,Florida Housing Data Clearinghouse,Population & Household Projections,http://flhousingdata.shimberg.ufl.edu/population-and-household-projections/results?nid=1
Putnam,80.01-100% AMI,2919,306,26,1015,144,,1904,162,26,Florida Housing Data Clearinghouse,Population & Household Projections,http://flhousingdata.shimberg.ufl.edu/population-and-household-projections/results?nid=1
Putnam,Greater than 100% AMI,12562,537,73,1574,35,,10988,502,73,Florida Housing Data Clearinghouse,Population & Household Projections,http://flhousingdata.shimberg.ufl.edu/population-and-household-projections/results?nid=1
Santa Rosa,30% AMI or less,903,657,3383,284,114,1721,619,543,1662,Florida Housing Data Clearinghouse,Population & Household Projections,http://flhousingdata.shimberg.ufl.edu/population-and-household-projections/results?nid=1
Santa Rosa,30.01-50% AMI,2802,2010,2186,642,839,843,2160,1171,1343,Florida Housing Data Clearinghouse,Population & Household Projections,http://flhousingdata.shimberg.ufl.edu/population-and-household-projections/results?nid=1
Santa Rosa,50.01-80% AMI,5998,4177,1364,1547,1850,469,4451,2327,895,Florida Housing Data Clearinghouse,Population & Household Projections,http://flhousingdata.shimberg.ufl.edu/population-and-household-projections/results?nid=1
Santa Rosa,80.01-100% AMI,5633,1214,245,1280,345,27,4353,869,218,Florida Housing Data Clearinghouse,Population & Household Projections,http://flhousingdata.shimberg.ufl.edu/population-and-household-projections/results?nid=1
Santa Rosa,Greater than 100% AMI,39615,1771,145,5100,232,13,34515,1539,132,Florida Housing Data Clearinghouse,Population & Household Projections,http://flhousingdata.shimberg.ufl.edu/population-and-household-projections/results?nid=1
Sarasota,30% AMI or less,2774,2721,13366,1010,416,6179,1764,2305,7187,Florida Housing Data Clearinghouse,Population & Household Projections,http://flhousingdata.shimberg.ufl.edu/population-and-household-projections/results?nid=1
Sarasota,30.01-50% AMI,8341,6947,7893,781,2962,3703,7560,3985,4190,Florida Housing Data Clearinghouse,Population & Household Projections,http://flhousingdata.shimberg.ufl.edu/population-and-household-projections/results?nid=1
Sarasota,50.01-80% AMI,22273,12088,4290,4750,5061,1589,17523,7027,2701,Florida Housing Data Clearinghouse,Population & Household Projections,http://flhousingdata.shimberg.ufl.edu/population-and-household-projections/results?nid=1
Sarasota,80.01-100% AMI,16871,4333,966,3471,1816,309,13400,2517,657,Florida Housing Data Clearinghouse,Population & Household Projections,http://flhousingdata.shimberg.ufl.edu/population-and-household-projections/results?nid=1
Sarasota,Greater than 100% AMI,92151,5855,1279,15482,1628,307,76669,4227,972,Florida Housing Data Clearinghouse,Population & Household Projections,http://flhousingdata.shimberg.ufl.edu/population-and-household-projections/results?nid=1
Seminole,30% AMI or less,1653,1747,11250,575,376,6904,1078,1371,4346,Florida Housing Data Clearinghouse,Population & Household Projections,http://flhousingdata.shimberg.ufl.edu/population-and-household-projections/results?nid=1
Seminole,30.01-50% AMI,4493,6320,9599,778,3754,6002,3715,2566,3597,Florida Housing Data Clearinghouse,Population & Household Projections,http://flhousingdata.shimberg.ufl.edu/population-and-household-projections/results?nid=1
Seminole,50.01-80% AMI,13825,14361,3937,4151,8700,1643,9674,5661,2294,Florida Housing Data Clearinghouse,Population & Household Projections,http://flhousingdata.shimberg.ufl.edu/population-and-household-projections/results?nid=1
Seminole,80.01-100% AMI,13705,4903,327,5046,1525,99,8659,3378,228,Florida Housing Data Clearinghouse,Population & Household Projections,http://flhousingdata.shimberg.ufl.edu/population-and-household-projections/results?nid=1
Seminole,Greater than 100% AMI,95314,3897,383,23842,808,24,71472,3089,359,Florida Housing Data Clearinghouse,Population & Household Projections,http://flhousingdata.shimberg.ufl.edu/population-and-household-projections/results?nid=1
Saint Johns,30% AMI or less,1252,644,4771,365,184,2057,887,460,2714,Florida Housing Data Clearinghouse,Population & Household Projections,http://flhousingdata.shimberg.ufl.edu/population-and-household-projections/results?nid=1
Saint Johns,30.01-50% AMI,2579,2694,3098,467,1134,1680,2112,1560,1418,Florida Housing Data Clearinghouse,Population & Household Projections,http://flhousingdata.shimberg.ufl.edu/population-and-household-projections/results?nid=1
Saint Johns,50.01-80% AMI,7606,4748,2437,1410,2355,510,6196,2393,1927,Florida Housing Data Clearinghouse,Population & Household Projections,http://flhousingdata.shimberg.ufl.edu/population-and-household-projections/results?nid=1
Saint Johns,80.01-100% AMI,7195,3871,403,1161,1329,17,6034,2542,386,Florida Housing Data Clearinghouse,Population & Household Projections,http://flhousingdata.shimberg.ufl.edu/population-and-household-projections/results?nid=1
Saint Johns,Greater than 100% AMI,61890,3933,1025,6201,317,79,55689,3616,946,Florida Housing Data Clearinghouse,Population & Household Projections,http://flhousingdata.shimberg.ufl.edu/population-and-household-projections/results?nid=1
Saint Lucie,30% AMI or less,2259,2020,9983,750,552,4807,1509,1468,5176,Florida Housing Data Clearinghouse,Population & Household Projections,http://flhousingdata.shimberg.ufl.edu/population-and-household-projections/results?nid=1
Saint Lucie,30.01-50% AMI,6470,5611,6655,538,2245,2474,5932,3366,4181,Florida Housing Data Clearinghouse,Population & Household Projections,http://flhousingdata.shimberg.ufl.edu/population-and-household-projections/results?nid=1
Saint Lucie,50.01-80% AMI,16304,8127,1953,2866,3479,549,13438,4648,1404,Florida Housing Data Clearinghouse,Population & Household Projections,http://flhousingdata.shimberg.ufl.edu/population-and-household-projections/results?nid=1
Saint Lucie,80.01-100% AMI,11095,3978,350,2970,1473,87,8125,2505,263,Florida Housing Data Clearinghouse,Population & Household Projections,http://flhousingdata.shimberg.ufl.edu/population-and-household-projections/results?nid=1
Saint Lucie,Greater than 100% AMI,52249,2543,192,6917,330,78,45332,2213,114,Florida Housing Data Clearinghouse,Population & Household Projections,http://flhousingdata.shimberg.ufl.edu/population-and-household-projections/results?nid=1
Sumter,30% AMI or less,1319,1084,3896,384,203,1910,935,881,1986,Florida Housing Data Clearinghouse,Population & Household Projections,http://flhousingdata.shimberg.ufl.edu/population-and-household-projections/results?nid=1
Sumter,30.01-50% AMI,3433,2029,3072,493,719,1576,2940,1310,1496,Florida Housing Data Clearinghouse,Population & Household Projections,http://flhousingdata.shimberg.ufl.edu/population-and-household-projections/results?nid=1
Sumter,50.01-80% AMI,9593,1818,1190,1314,430,170,8279,1388,1020,Florida Housing Data Clearinghouse,Population & Household Projections,http://flhousingdata.shimberg.ufl.edu/population-and-household-projections/results?nid=1
Sumter,80.01-100% AMI,5988,1137,213,524,338,149,5464,799,64,Florida Housing Data Clearinghouse,Population & Household Projections,http://flhousingdata.shimberg.ufl.edu/population-and-household-projections/results?nid=1
Sumter,Greater than 100% AMI,30915,1672,342,1344,205,50,29571,1467,292,Florida Housing Data Clearinghouse,Population & Household Projections,http://flhousingdata.shimberg.ufl.edu/population-and-household-projections/results?nid=1
Suwannee,30% AMI or less,369,294,1016,235,63,440,134,231,576,Florida Housing Data Clearinghouse,Population & Household Projections,http://flhousingdata.shimberg.ufl.edu/population-and-household-projections/results?nid=1
Suwannee,30.01-50% AMI,1273,222,304,310,144,104,963,78,200,Florida Housing Data Clearinghouse,Population & Household Projections,http://flhousingdata.shimberg.ufl.edu/population-and-household-projections/results?nid=1
Suwannee,50.01-80% AMI,2134,346,70,682,157,,1452,189,70,Florida Housing Data Clearinghouse,Population & Household Projections,http://flhousingdata.shimberg.ufl.edu/population-and-household-projections/results?nid=1
Suwannee,80.01-100% AMI,1969,170,55,372,129,28,1597,41,27,Florida Housing Data Clearinghouse,Population & Household Projections,http://flhousingdata.shimberg.ufl.edu/population-and-household-projections/results?nid=1
Suwannee,Greater than 100% AMI,7254,414,38,1102,37,,6152,377,38,Florida Housing Data Clearinghouse,Population & Household Projections,http://flhousingdata.shimberg.ufl.edu/population-and-household-projections/results?nid=1
Taylor,30% AMI or less,89,253,311,4,182,99,85,71,212,Florida Housing Data Clearinghouse,Population & Household Projections,http://flhousingdata.shimberg.ufl.edu/population-and-household-projections/results?nid=1
Taylor,30.01-50% AMI,733,205,197,154,63,132,579,142,65,Florida Housing Data Clearinghouse,Population & Household Projections,http://flhousingdata.shimberg.ufl.edu/population-and-household-projections/results?nid=1
Taylor,50.01-80% AMI,988,325,21,204,145,,784,180,21,Florida Housing Data Clearinghouse,Population & Household Projections,http://flhousingdata.shimberg.ufl.edu/population-and-household-projections/results?nid=1
Taylor,80.01-100% AMI,1251,59,,334,54,,917,5,,Florida Housing Data Clearinghouse,Population & Household Projections,http://flhousingdata.shimberg.ufl.edu/population-and-household-projections/results?nid=1
Taylor,Greater than 100% AMI,3145,28,11,264,,,2881,28,11,Florida Housing Data Clearinghouse,Population & Household Projections,http://flhousingdata.shimberg.ufl.edu/population-and-household-projections/results?nid=1
Union,30% AMI or less,60,68,240,51,21,164,9,47,76,Florida Housing Data Clearinghouse,Population & Household Projections,http://flhousingdata.shimberg.ufl.edu/population-and-household-projections/results?nid=1
Union,30.01-50% AMI,250,87,85,115,61,33,135,26,52,Florida Housing Data Clearinghouse,Population & Household Projections,http://flhousingdata.shimberg.ufl.edu/population-and-household-projections/results?nid=1
Union,50.01-80% AMI,452,125,9,217,52,,235,73,9,Florida Housing Data Clearinghouse,Population & Household Projections,http://flhousingdata.shimberg.ufl.edu/population-and-household-projections/results?nid=1
Union,80.01-100% AMI,586,61,16,120,4,,466,57,16,Florida Housing Data Clearinghouse,Population & Household Projections,http://flhousingdata.shimberg.ufl.edu/population-and-household-projections/results?nid=1
Union,Greater than 100% AMI,2285,46,,545,,,1740,46,,Florida Housing Data Clearinghouse,Population & Household Projections,http://flhousingdata.shimberg.ufl.edu/population-and-household-projections/results?nid=1
Volusia,30% AMI or less,2709,2833,16939,1022,806,9240,1687,2027,7699,Florida Housing Data Clearinghouse,Population & Household Projections,http://flhousingdata.shimberg.ufl.edu/population-and-household-projections/results?nid=1
Volusia,30.01-50% AMI,9180,8566,10970,1915,3375,5824,7265,5191,5146,Florida Housing Data Clearinghouse,Population & Household Projections,http://flhousingdata.shimberg.ufl.edu/population-and-household-projections/results?nid=1
Volusia,50.01-80% AMI,22940,16140,5584,4599,8312,2510,18341,7828,3074,Florida Housing Data Clearinghouse,Population & Household Projections,http://flhousingdata.shimberg.ufl.edu/population-and-household-projections/results?nid=1
Volusia,80.01-100% AMI,18725,6595,973,4667,2241,285,14058,4354,688,Florida Housing Data Clearinghouse,Population & Household Projections,http://flhousingdata.shimberg.ufl.edu/population-and-household-projections/results?nid=1
Volusia,Greater than 100% AMI,109993,6692,879,19905,1357,196,90088,5335,683,Florida Housing Data Clearinghouse,Population & Household Projections,http://flhousingdata.shimberg.ufl.edu/population-and-household-projections/results?nid=1
Wakulla,30% AMI or less,204,138,432,64,,147,140,138,285,Florida Housing Data Clearinghouse,Population & Household Projections,http://flhousingdata.shimberg.ufl.edu/population-and-household-projections/results?nid=1
Wakulla,30.01-50% AMI,829,266,262,135,185,142,694,81,120,Florida Housing Data Clearinghouse,Population & Household Projections,http://flhousingdata.shimberg.ufl.edu/population-and-household-projections/results?nid=1
Wakulla,50.01-80% AMI,1125,558,144,355,183,21,770,375,123,Florida Housing Data Clearinghouse,Population & Household Projections,http://flhousingdata.shimberg.ufl.edu/population-and-household-projections/results?nid=1
Wakulla,80.01-100% AMI,1282,193,47,349,,,933,193,47,Florida Housing Data Clearinghouse,Population & Household Projections,http://flhousingdata.shimberg.ufl.edu/population-and-household-projections/results?nid=1
Wakulla,Greater than 100% AMI,6758,64,,770,14,,5988,50,,Florida Housing Data Clearinghouse,Population & Household Projections,http://flhousingdata.shimberg.ufl.edu/population-and-household-projections/results?nid=1
Walton,30% AMI or less,970,508,2168,233,177,1278,737,331,890,Florida Housing Data Clearinghouse,Population & Household Projections,http://flhousingdata.shimberg.ufl.edu/population-and-household-projections/results?nid=1
Walton,30.01-50% AMI,1544,987,767,241,508,169,1303,479,598,Florida Housing Data Clearinghouse,Population & Household Projections,http://flhousingdata.shimberg.ufl.edu/population-and-household-projections/results?nid=1
Walton,50.01-80% AMI,3429,1453,689,574,677,143,2855,776,546,Florida Housing Data Clearinghouse,Population & Household Projections,http://flhousingdata.shimberg.ufl.edu/population-and-household-projections/results?nid=1
Walton,80.01-100% AMI,2620,841,93,546,204,17,2074,637,76,Florida Housing Data Clearinghouse,Population & Household Projections,http://flhousingdata.shimberg.ufl.edu/population-and-household-projections/results?nid=1
Walton,Greater than 100% AMI,14770,1542,103,2205,407,,12565,1135,103,Florida Housing Data Clearinghouse,Population & Household Projections,http://flhousingdata.shimberg.ufl.edu/population-and-household-projections/results?nid=1
Washington,30% AMI or less,397,195,399,157,66,59,240,129,340,Florida Housing Data Clearinghouse,Population & Household Projections,http://flhousingdata.shimberg.ufl.edu/population-and-household-projections/results?nid=1
Washington,30.01-50% AMI,678,416,270,84,240,107,594,176,163,Florida Housing Data Clearinghouse,Population & Household Projections,http://flhousingdata.shimberg.ufl.edu/population-and-household-projections/results?nid=1
Washington,50.01-80% AMI,1364,484,106,291,158,35,1073,326,71,Florida Housing Data Clearinghouse,Population & Household Projections,http://flhousingdata.shimberg.ufl.edu/population-and-household-projections/results?nid=1
Washington,80.01-100% AMI,791,111,61,229,39,,562,72,61,Florida Housing Data Clearinghouse,Population & Household Projections,http://flhousingdata.shimberg.ufl.edu/population-and-household-projections/results?nid=1
Washington,Greater than 100% AMI,3896,126,21,450,12,,3446,114,21,Florida Housing Data Clearinghouse,Population & Household Projections,http://flhousingdata.shimberg.ufl.edu/population-and-household-projections/results?nid=1
